THUMB,INDEX,MIDDLE,RING,LITTLE,ACCEL_X,ACCEL_Y,ACCEL_Z,GYRO_X,GYRO_Y,GYRO_Z,RESULT
258,5,6,20,207,2.07,5.70,8.17,0.20,-0.07,-0.02,A
255,6,5,25,199,2.00,5.86,9.02,0.15,0.05,-0.02,A
253,6,5,21,210,1.27,5.95,8.91,0.10,-0.08,0.01,A
258,6,7,21,208,1.82,6.23,8.68,-0.04,-0.24,-0.15,A
256,5,6,21,214,1.15,5.74,9.16,0.20,-0.12,-0.02,A
255,6,8,21,209,1.57,5.80,9.08,-0.17,0.03,-0.09,A
256,6,6,21,210,1.68,5.99,8.91,0.06,-0.04,0.00,A
255,6,6,20,210,1.48,5.87,9.35,0.13,-0.07,0.07,A
257,5,6,21,209,1.13,5.71,8.92,0.04,0.03,-0.13,A
264,6,4,18,222,1.52,6.10,8.67,0.10,-0.10,0.13,A
255,6,5,21,205,2.02,5.93,8.97,0.29,-0.14,0.13,A
257,5,6,22,209,1.51,6.07,8.79,-0.16,0.13,0.10,A
262,6,4,22,217,1.09,5.83,9.17,-0.32,0.12,-0.02,A
251,5,5,22,206,1.39,5.75,9.11,0.01,0.01,0.03,A
257,6,6,22,209,1.62,5.68,9.33,0.17,-0.09,-0.04,A
262,6,6,21,198,0.84,5.62,9.23,0.05,-0.09,0.09,A
256,6,5,24,207,1.33,5.77,9.23,-0.05,-0.02,0.01,A
258,6,6,21,210,1.21,5.69,9.09,-0.22,0.08,-0.04,A
271,5,6,18,209,1.22,5.71,9.13,-0.18,0.09,-0.06,A
256,6,6,21,209,1.32,5.74,9.19,0.02,0.04,0.01,A
256,6,6,21,209,1.48,5.89,9.10,0.14,-0.01,0.00,A
256,5,6,22,211,1.07,5.64,9.26,-0.06,0.05,0.00,A
256,5,8,21,209,1.08,5.68,9.21,-0.15,0.05,0.00,A
258,5,9,20,200,0.96,5.79,9.01,-0.09,0.01,-0.01,A
260,6,5,22,212,1.20,5.76,9.08,-0.10,-0.04,0.05,A
255,6,6,20,209,1.26,5.86,9.05,0.07,-0.03,-0.05,A
268,6,5,24,199,1.34,5.80,9.21,0.02,-0.01,-0.00,A
255,6,8,21,213,1.08,5.77,9.17,-0.01,0.01,0.06,A
257,6,6,20,207,1.13,5.79,9.07,-0.05,-0.01,-0.07,A
246,6,4,24,218,1.61,5.84,9.17,0.04,-0.04,-0.15,A
257,6,6,23,215,0.72,5.70,9.32,0.08,0.02,0.01,A
198,10,9,31,264,4.32,8.19,4.75,-0.04,-0.02,-0.01,B
187,11,7,30,270,4.35,8.32,4.62,-0.04,0.00,0.04,B
186,11,9,31,272,4.33,8.25,4.87,-0.09,0.01,-0.03,B
190,11,10,31,264,4.41,8.23,4.72,-0.04,-0.00,-0.00,B
187,10,9,34,270,4.37,8.31,4.65,-0.02,0.01,-0.00,B
186,11,9,32,272,4.30,8.24,4.71,-0.01,-0.03,0.03,B
187,11,12,37,268,4.29,8.25,4.74,-0.03,-0.01,-0.01,B
190,11,9,32,270,4.53,8.34,4.61,-0.04,0.03,-0.01,B
186,11,9,32,270,4.13,8.26,4.71,-0.01,-0.03,-0.01,B
186,10,9,30,271,4.43,8.24,4.74,-0.02,-0.02,-0.02,B
179,11,10,31,270,4.43,8.32,4.74,0.01,0.01,-0.02,B
179,9,7,31,271,4.20,8.31,4.73,-0.03,-0.08,-0.02,B
181,11,9,32,272,4.25,8.26,4.74,-0.02,-0.06,0.06,B
180,11,9,32,272,4.09,8.39,4.60,-0.06,-0.01,-0.04,B
181,10,9,31,270,4.42,8.31,4.74,-0.02,0.00,-0.01,B
182,11,9,30,280,4.27,8.25,4.79,-0.01,-0.02,0.03,B
182,11,8,29,270,4.33,8.31,4.79,-0.01,-0.06,0.04,B
172,11,9,31,270,4.21,8.24,4.55,-0.05,-0.00,-0.07,B
177,11,9,32,270,4.50,8.23,4.56,-0.20,-0.00,-0.02,B
182,11,8,31,270,4.56,8.27,4.83,0.02,-0.10,-0.04,B
176,11,9,29,272,3.94,8.10,4.94,-0.24,-0.17,-0.03,B
181,11,9,31,272,3.78,7.75,5.68,-0.15,0.04,-0.02,B
182,12,9,31,272,4.82,8.04,4.58,-0.03,0.02,-0.09,B
192,9,8,27,270,4.21,7.88,5.01,0.02,-0.03,0.06,B
186,11,9,33,269,4.32,8.24,4.96,-0.14,0.02,-0.15,B
182,10,9,32,270,4.58,8.12,4.99,0.09,0.15,-0.02,B
187,7,6,28,270,4.46,8.39,5.94,-0.01,-0.11,0.03,B
184,11,10,35,270,5.00,8.14,4.90,0.21,-0.23,0.09,B
183,11,9,31,270,3.77,8.06,4.55,-0.25,-0.20,0.02,B
183,11,8,35,265,4.18,8.15,5.33,-0.09,-0.03,-0.07,B
183,11,9,29,269,4.36,8.05,5.51,-0.13,-0.10,0.03,B
183,11,9,31,270,4.34,7.86,5.44,0.03,0.04,0.19,B
161,10,13,34,272,3.89,7.02,7.38,0.13,-0.11,0.04,B
165,10,14,35,273,3.38,7.14,7.19,-0.13,0.04,-0.01,B
166,10,13,35,272,3.42,7.04,7.01,0.06,-0.09,0.07,B
165,10,12,33,271,3.70,7.20,7.26,0.01,-0.06,0.15,B
169,11,14,35,273,3.49,7.18,6.76,-0.09,0.03,-0.09,B
151,10,13,35,273,3.73,7.13,7.15,-0.03,0.03,-0.01,B
169,10,13,34,273,3.46,7.27,7.03,0.02,0.00,0.03,B
170,10,13,34,273,3.73,7.16,7.11,0.00,-0.08,0.03,B
153,11,15,37,267,3.56,7.15,7.13,0.02,-0.08,0.03,B
170,10,13,34,273,3.67,7.05,7.14,-0.10,-0.06,0.10,B
171,10,12,35,273,3.86,6.92,7.17,-0.04,-0.01,-0.04,B
163,10,13,34,270,3.85,7.02,7.16,-0.02,-0.05,0.01,B
174,10,12,34,272,3.80,6.98,7.14,-0.03,-0.03,0.01,B
170,10,12,34,273,3.83,6.93,7.16,0.03,-0.04,0.03,B
175,12,13,35,281,3.80,7.01,7.09,0.05,-0.04,0.07,B
162,10,12,35,271,3.79,7.00,7.12,0.00,-0.04,0.01,B
172,9,14,35,273,3.88,6.94,7.18,0.02,-0.08,0.04,B
168,12,13,30,270,3.76,6.84,7.04,-0.05,-0.06,-0.02,B
173,10,13,35,277,4.60,6.30,7.47,-0.03,-0.18,0.00,B
173,10,12,33,273,3.68,6.97,6.86,-0.05,-0.09,-0.09,B
170,11,13,34,272,3.36,7.11,7.02,-0.02,0.02,-0.02,B
173,11,13,35,272,3.71,7.07,6.83,-0.07,0.05,0.06,B
174,10,13,34,273,3.97,6.68,7.42,-0.19,-0.14,0.08,B
177,10,13,36,273,4.42,6.41,7.71,-0.12,-0.02,-0.02,B
173,10,13,35,272,3.83,6.60,7.12,-0.07,0.07,0.07,B
173,10,12,35,273,4.27,6.28,7.83,-0.10,-0.10,0.05,B
177,10,14,36,273,4.12,6.46,7.59,-0.09,-0.05,0.08,B
173,10,12,34,272,3.56,6.61,7.06,-0.12,0.02,-0.02,B
170,12,11,34,272,4.52,6.13,8.05,-0.08,-0.00,0.08,B
180,11,13,35,272,4.38,6.01,7.87,-0.03,-0.07,0.02,B
175,8,13,34,272,4.60,6.01,7.95,-0.01,0.00,0.00,B
229,5,7,22,217,7.01,2.16,8.12,-0.05,-0.01,0.01,C
230,6,6,22,217,6.97,2.20,8.01,-0.03,-0.02,0.02,C
229,7,6,22,217,6.97,2.14,8.08,-0.02,0.02,0.02,C
229,6,6,23,217,7.03,2.10,8.22,-0.03,0.02,-0.01,C
228,7,6,22,217,6.87,2.03,8.15,0.00,-0.04,0.03,C
229,6,5,22,217,7.04,2.06,8.18,0.03,-0.00,0.03,C
229,7,6,22,218,6.91,1.94,8.19,0.00,0.03,0.02,C
228,7,6,22,217,6.99,1.91,8.31,-0.02,-0.05,0.03,C
229,7,7,23,218,6.87,1.97,8.20,-0.02,0.00,-0.02,C
229,6,6,22,217,6.97,1.98,8.37,-0.07,-0.02,0.00,C
229,6,6,22,218,6.91,2.00,8.16,-0.01,-0.08,-0.00,C
229,6,7,22,217,6.93,2.05,8.12,0.03,-0.02,0.02,C
229,6,7,23,217,6.98,1.97,8.34,-0.05,-0.08,-0.02,C
229,6,5,23,218,6.92,2.04,8.22,-0.01,-0.01,0.01,C
229,7,5,23,217,6.93,2.01,8.27,-0.00,-0.00,-0.00,C
230,7,6,22,218,6.74,2.08,8.11,-0.04,0.05,-0.02,C
229,7,6,23,218,6.89,2.02,8.38,-0.02,-0.00,0.02,C
229,6,7,22,218,6.80,2.01,8.26,0.00,0.01,0.00,C
229,7,5,22,218,6.86,2.06,8.25,-0.00,0.02,-0.01,C
229,4,7,22,218,6.88,1.99,8.36,0.01,0.02,-0.00,C
229,7,7,22,218,6.84,2.15,8.20,0.00,0.05,0.02,C
229,6,7,22,218,6.89,2.15,8.08,0.00,-0.04,0.01,C
229,7,6,22,218,7.53,2.01,7.86,-0.04,-0.03,0.05,C
229,6,7,22,218,6.56,2.16,8.37,0.02,0.06,0.19,C
229,6,5,22,218,7.49,1.71,7.84,-0.14,0.00,-0.13,C
229,7,7,23,219,5.87,1.26,9.73,0.42,0.14,0.61,C
227,7,5,22,219,5.58,0.11,10.45,-0.71,-0.32,-0.62,C
228,7,7,23,219,6.09,0.02,9.40,-0.44,-0.10,-0.43,C
228,7,6,22,219,5.72,-0.19,9.40,0.06,-0.03,0.01,C
228,7,5,21,219,6.07,-0.16,9.04,0.16,-0.10,0.00,C
228,7,7,23,219,6.12,0.09,8.91,-0.02,0.01,0.03,C
228,7,6,22,219,6.24,0.12,9.39,0.07,-0.01,0.05,C
247,7,9,26,246,8.70,3.29,5.12,-0.01,-0.02,-0.01,C
251,7,9,28,245,8.65,3.34,5.21,0.01,-0.01,0.02,C
247,9,9,26,246,8.63,3.22,5.19,0.01,-0.01,0.02,C
248,8,9,24,243,8.62,3.33,5.19,0.04,-0.12,0.04,C
247,9,10,25,244,8.51,3.18,5.16,0.01,-0.03,0.01,C
248,9,8,27,245,8.60,3.14,5.57,-0.03,-0.06,0.00,C
246,9,10,30,244,8.76,3.34,5.16,-0.10,-0.08,0.01,C
247,7,7,26,245,8.69,3.27,4.89,-0.01,-0.09,0.01,C
249,9,9,25,246,8.76,3.14,5.13,0.06,0.10,0.01,C
248,9,10,29,248,8.74,3.06,5.60,-0.04,-0.00,-0.01,C
248,9,10,30,241,8.60,3.20,5.37,-0.10,0.05,-0.03,C
248,9,8,28,245,8.80,3.32,5.23,-0.05,-0.07,0.00,C
248,9,9,25,254,8.87,3.23,4.96,0.00,-0.06,0.00,C
248,8,9,25,245,8.72,3.10,5.30,0.01,-0.02,0.04,C
248,10,5,29,244,8.50,3.14,5.47,-0.02,0.04,-0.01,C
249,9,9,28,244,8.63,3.33,5.17,-0.10,-0.02,-0.02,C
247,9,8,26,245,8.92,3.17,5.00,0.01,-0.01,0.04,C
259,9,9,26,245,8.68,3.19,5.37,0.00,0.04,0.01,C
252,9,10,27,246,8.77,3.14,5.29,-0.03,-0.04,0.00,C
247,6,9,26,246,9.01,3.23,4.91,0.04,0.03,-0.13,C
251,9,9,26,239,8.36,3.67,5.25,0.01,-0.10,-0.01,C
242,9,9,27,245,9.25,3.70,4.97,-0.18,-0.04,-0.10,C
248,9,10,27,244,8.71,3.62,4.77,0.15,-0.05,-0.10,C
239,9,9,24,252,8.28,4.25,4.75,0.12,0.04,0.12,C
243,9,9,27,246,8.74,3.56,4.92,0.01,-0.09,0.22,C
249,9,10,27,244,8.93,3.87,4.59,-0.23,0.11,0.12,C
249,9,10,29,252,9.37,2.95,5.03,-0.12,-0.16,0.16,C
248,9,10,30,244,7.93,3.60,5.01,-0.05,-0.04,-0.01,C
248,7,9,28,245,9.03,3.00,4.73,0.05,0.21,0.08,C
244,9,10,27,237,9.11,2.70,4.80,-0.10,0.22,0.06,C
250,9,9,27,246,8.76,3.29,5.01,-0.36,0.47,-0.18,C
245,9,10,27,244,8.89,2.95,5.61,0.10,0.12,0.00,C
229,6,8,28,237,7.52,5.46,5.01,-0.10,0.05,0.00,C
218,7,9,27,233,7.67,5.38,5.05,-0.04,-0.10,-0.02,C
218,7,9,26,238,7.55,5.46,5.09,0.01,0.03,0.01,C
213,6,7,30,241,7.52,5.57,5.03,-0.05,0.03,-0.05,C
219,7,9,27,239,7.57,5.47,5.09,-0.03,0.00,0.02,C
219,7,8,25,238,7.65,5.52,5.08,0.03,-0.02,0.04,C
219,7,7,27,240,7.43,5.43,5.41,-0.01,0.01,0.04,C
221,7,9,26,238,7.39,5.42,5.05,-0.00,-0.05,-0.01,C
206,7,8,26,238,7.64,5.47,4.96,0.00,-0.11,0.00,C
222,8,7,25,236,7.61,5.44,5.15,0.00,-0.06,0.01,C
222,7,9,26,239,7.38,5.48,5.05,-0.05,-0.00,-0.00,C
230,7,9,29,231,7.55,5.46,5.14,-0.03,-0.04,0.00,C
222,7,8,26,237,7.42,5.51,5.11,-0.13,0.02,-0.05,C
223,7,8,26,238,7.63,5.44,5.25,0.06,-0.08,0.02,C
234,7,9,26,239,7.49,5.47,5.13,0.05,-0.08,0.05,C
224,6,9,24,233,7.71,5.41,5.04,0.01,-0.20,0.01,C
225,7,9,26,237,7.48,5.47,5.06,0.03,-0.05,0.05,C
239,6,8,27,239,7.58,5.38,5.09,-0.01,-0.00,0.09,C
225,8,9,25,241,7.77,5.30,5.08,-0.00,-0.01,0.00,C
225,6,10,26,237,7.76,5.26,5.17,0.05,-0.08,0.06,C
227,7,9,23,246,7.80,5.23,5.08,-0.05,-0.07,-0.01,C
226,6,9,26,238,7.63,5.21,5.11,-0.01,0.03,-0.01,C
227,7,9,26,237,7.75,5.27,5.16,0.00,-0.01,-0.01,C
226,7,9,25,238,7.52,5.37,5.14,-0.05,-0.01,-0.02,C
226,6,9,26,238,7.62,5.37,4.97,-0.04,-0.03,-0.01,C
211,6,9,25,238,7.65,5.37,4.98,0.06,-0.06,0.02,C
223,6,9,27,236,7.69,5.27,5.16,-0.01,-0.02,-0.01,C
227,6,7,26,237,7.38,5.46,5.36,-0.15,-0.02,-0.05,C
235,6,9,28,239,7.62,5.29,4.84,-0.12,-0.05,0.00,C
226,7,9,26,238,7.90,5.19,5.04,-0.07,0.02,0.11,C
227,7,8,26,237,7.56,5.02,5.68,-0.19,-0.03,0.05,C
246,6,9,27,251,7.74,4.92,5.77,-0.15,0.08,-0.01,C
195,11,5,24,230,6.55,4.53,7.36,-0.11,-0.00,-0.05,D
194,13,6,23,232,6.36,4.65,7.32,-0.05,0.02,0.03,D
190,11,5,24,220,6.56,4.49,7.32,-0.07,0.03,-0.03,D
195,13,6,21,232,6.48,4.55,7.34,0.02,-0.00,0.06,D
189,11,6,22,232,6.70,4.48,7.41,0.03,-0.05,0.01,D
196,14,6,23,234,6.49,4.58,7.27,0.07,-0.03,0.07,D
195,11,5,22,232,6.51,4.56,7.41,0.06,-0.01,0.09,D
183,11,3,22,233,6.44,4.52,7.28,-0.12,0.04,-0.01,D
195,15,7,25,225,6.51,4.61,7.25,-0.01,0.02,-0.02,D
195,11,5,22,232,6.51,4.51,7.28,0.01,0.01,0.03,D
199,11,4,22,210,6.63,4.59,7.14,0.02,-0.02,0.03,D
204,10,4,22,230,6.56,4.49,7.25,0.02,0.01,-0.00,D
196,11,6,23,232,6.47,4.70,7.32,-0.08,0.15,-0.04,D
201,11,2,23,233,6.77,4.70,7.23,0.08,0.02,0.04,D
197,11,7,21,236,6.26,4.69,7.24,-0.07,-0.07,-0.11,D
195,11,7,23,232,6.48,4.71,7.49,-0.04,0.04,-0.05,D
200,11,1,25,222,6.63,4.59,7.16,-0.01,0.16,-0.21,D
196,11,6,21,232,5.91,5.03,7.23,-0.19,-0.20,-0.10,D
196,13,5,23,230,6.10,5.23,6.89,0.24,-0.01,0.07,D
199,13,6,22,240,5.39,5.16,7.09,-0.28,0.24,0.03,D
197,13,6,21,232,7.05,4.95,7.16,0.19,-0.41,0.12,D
213,11,3,23,232,6.05,5.43,7.00,0.21,0.43,0.24,D
201,11,4,23,232,6.83,5.13,6.98,0.15,-0.08,0.09,D
196,11,6,22,232,6.28,5.03,6.94,-0.23,0.04,-0.10,D
190,11,7,23,232,6.28,5.22,7.19,0.05,0.01,0.04,D
193,13,6,23,234,6.81,5.31,7.35,0.10,-0.17,0.12,D
197,11,5,22,231,6.05,4.88,7.38,0.08,-0.05,0.07,D
190,13,6,25,228,6.69,4.92,7.07,0.03,-0.05,0.02,D
203,10,4,21,230,6.26,4.94,7.29,-0.01,-0.06,0.00,D
197,11,6,23,232,6.46,5.15,7.22,-0.02,-0.09,-0.07,D
202,11,3,27,242,6.31,5.20,7.05,0.03,0.01,0.09,D
196,14,7,24,238,6.23,5.09,7.18,-0.06,0.07,0.04,D
196,11,5,23,232,6.46,5.03,7.16,0.01,-0.05,0.01,D
187,11,6,18,240,6.26,5.08,7.15,-0.05,-0.03,0.00,D
196,11,7,23,232,6.48,4.81,7.42,0.02,-0.07,-0.01,D
168,13,6,21,230,4.44,8.18,4.78,0.05,0.01,-0.02,E
144,11,4,19,229,4.58,8.10,4.76,0.01,-0.08,0.03,E
148,11,6,20,230,5.01,8.03,5.19,-0.20,0.04,0.11,E
110,11,3,15,230,4.57,7.98,4.89,0.03,-0.18,-0.04,E
137,11,5,19,226,4.92,8.13,4.80,0.01,-0.08,-0.05,E
148,11,6,19,229,4.49,8.15,4.60,0.00,-0.07,-0.03,E
165,10,6,25,232,4.56,8.16,4.84,-0.01,0.00,-0.05,E
164,11,6,21,230,4.47,8.17,4.82,-0.02,-0.09,-0.02,E
149,7,3,19,230,4.43,8.27,4.75,0.03,0.01,0.01,E
127,11,6,19,238,4.20,8.25,4.62,0.04,-0.03,0.03,E
147,11,6,19,228,4.36,8.27,4.82,-0.03,0.07,0.03,E
149,11,6,19,230,4.41,8.25,4.54,0.12,-0.15,-0.00,E
149,10,5,18,232,4.56,8.18,4.80,-0.04,-0.06,0.01,E
146,11,6,21,228,4.58,8.25,4.74,-0.01,-0.01,0.03,E
150,11,5,19,229,4.59,8.26,4.53,-0.07,0.04,0.07,E
149,10,6,20,225,4.40,8.26,4.44,0.09,-0.07,-0.02,E
149,11,5,20,230,4.24,8.23,4.58,0.07,-0.09,0.02,E
148,11,5,21,232,4.54,8.41,4.35,0.02,-0.13,-0.03,E
155,11,5,20,232,4.45,8.26,4.25,0.07,-0.08,-0.05,E
148,11,5,21,228,4.28,8.35,4.23,-0.16,-0.02,0.02,E
142,11,4,20,224,4.42,8.37,4.37,-0.06,-0.12,0.04,E
147,11,4,22,230,4.34,8.24,4.81,-0.15,0.04,0.09,E
146,11,5,19,229,5.03,7.90,4.64,-0.02,-0.01,0.06,E
103,11,7,24,221,4.97,8.06,4.84,-0.16,0.00,0.10,E
152,11,5,19,232,4.94,7.98,4.63,0.03,-0.09,-0.01,E
147,7,4,20,230,5.12,8.01,4.21,0.10,0.27,0.05,E
155,11,8,21,1004,4.75,8.14,4.70,-0.08,0.02,-0.08,E
148,11,5,21,1019,4.74,8.50,4.63,-0.08,-0.04,-0.06,E
153,11,5,19,1022,4.69,8.21,4.91,-0.05,-0.01,-0.01,E
159,11,5,23,260,4.56,8.44,4.42,-0.04,-0.13,0.07,E
155,11,6,21,252,4.68,8.09,4.04,0.04,-0.06,0.04,E
155,11,5,23,229,5.04,8.16,4.32,-0.13,-0.04,0.18,E
235,6,12,27,260,8.04,4.59,5.56,-0.05,0.01,-0.02,F
251,5,10,31,264,7.95,4.62,5.37,0.02,-0.01,-0.00,F
251,5,12,32,262,7.90,4.63,5.42,0.01,-0.00,0.00,F
246,6,10,31,267,7.88,4.65,5.48,-0.04,0.03,0.02,F
250,5,11,33,264,7.92,4.59,5.54,0.02,-0.04,0.03,F
250,5,11,32,261,7.80,4.56,5.49,0.05,-0.06,0.01,F
252,5,12,31,261,7.94,4.56,5.63,0.01,-0.02,0.01,F
250,5,12,31,260,7.88,4.58,5.48,-0.02,-0.04,0.01,F
241,6,11,31,262,7.86,4.49,5.60,-0.07,0.03,0.02,F
251,6,11,32,264,7.94,4.41,5.62,-0.01,-0.02,0.01,F
249,6,11,31,260,7.91,4.63,5.57,-0.13,-0.15,-0.32,F
237,7,10,31,261,8.00,4.90,5.38,-0.12,-0.22,-0.15,F
224,8,11,33,260,8.11,4.84,5.33,0.14,-0.18,0.12,F
215,7,12,31,260,7.91,4.79,5.23,-0.17,0.05,-0.03,F
190,10,9,33,252,7.93,4.91,5.19,0.03,-0.06,0.00,F
218,7,11,29,264,7.89,4.96,5.10,-0.01,0.02,0.05,F
215,7,11,31,262,7.93,4.87,5.14,0.04,-0.01,0.03,F
195,7,6,29,268,7.92,4.88,5.10,-0.09,0.03,0.00,F
214,7,11,31,261,7.96,4.92,4.96,-0.01,-0.03,-0.00,F
219,7,12,32,261,7.93,4.89,4.91,0.02,-0.02,0.00,F
227,7,10,28,264,7.97,4.95,4.99,0.06,-0.02,-0.01,F
218,6,10,31,265,8.03,4.95,4.96,0.00,-0.00,0.02,F
220,6,12,31,262,7.89,4.85,5.10,-0.05,0.03,0.02,F
219,7,11,31,272,7.90,4.91,5.00,-0.06,-0.02,-0.00,F
220,7,11,31,262,8.12,4.94,5.19,-0.01,-0.10,0.04,F
222,7,11,31,262,7.91,4.98,5.06,-0.01,-0.04,-0.04,F
220,5,11,32,264,8.07,5.09,4.65,0.03,-0.10,0.02,F
221,7,11,31,261,8.08,5.02,4.98,0.05,-0.12,-0.05,F
221,7,11,31,262,8.14,4.88,4.83,-0.03,-0.13,0.06,F
221,6,12,31,262,7.72,5.08,5.10,0.00,-0.14,0.10,F
221,7,11,31,261,7.98,4.63,5.10,-0.16,-0.03,-0.02,F
231,6,13,28,261,7.84,4.70,5.23,-0.13,0.02,0.01,F
253,6,10,28,262,5.93,6.18,6.43,-0.15,0.13,-0.13,F
257,7,11,32,266,5.87,6.16,6.50,-0.06,0.02,0.00,F
256,5,11,29,266,5.88,6.12,6.40,-0.02,-0.03,-0.03,F
254,6,12,30,253,5.95,6.17,6.41,0.02,-0.01,-0.00,F
257,6,13,30,264,5.79,6.18,6.43,-0.04,-0.01,-0.03,F
256,6,11,31,267,5.90,6.14,6.42,-0.01,-0.03,0.04,F
258,6,12,33,262,5.82,6.11,6.48,-0.04,-0.04,0.03,F
256,6,11,31,262,5.90,6.20,6.32,-0.04,0.02,-0.00,F
255,6,11,31,266,5.87,6.16,6.37,0.01,-0.01,0.02,F
256,6,11,31,272,5.86,6.07,6.46,-0.09,0.02,-0.00,F
256,4,12,32,268,5.87,6.08,6.43,0.00,-0.08,0.05,F
233,7,11,31,268,6.26,6.05,6.65,0.02,0.01,-0.05,F
256,6,12,32,264,5.77,6.14,6.59,-0.10,0.05,-0.00,F
256,6,10,31,268,5.75,6.05,6.61,-0.00,-0.05,0.05,F
249,7,11,35,276,5.71,5.98,6.62,-0.05,-0.04,0.08,F
263,6,11,30,270,5.92,5.82,6.75,-0.06,-0.04,0.02,F
256,5,11,31,268,6.05,5.80,6.81,0.05,-0.02,0.02,F
243,5,12,29,261,6.18,5.84,6.72,0.02,-0.01,-0.01,F
261,6,10,33,266,5.99,5.94,6.69,0.05,-0.04,-0.02,F
256,6,9,31,268,5.94,6.07,6.60,0.02,-0.03,-0.02,F
273,7,9,29,264,5.96,6.02,6.60,-0.04,0.01,-0.01,F
256,6,10,33,266,5.86,6.07,6.65,-0.06,0.03,-0.05,F
256,6,11,31,268,5.86,6.20,6.47,-0.01,0.00,-0.03,F
260,6,10,31,260,6.31,6.05,6.51,-0.08,-0.04,-0.06,F
256,5,11,32,266,4.77,6.06,7.02,-0.11,0.13,-0.01,F
258,6,10,31,266,6.15,5.81,6.28,-0.15,0.22,0.04,F
258,6,10,31,268,5.42,6.10,6.41,-0.10,0.26,0.02,F
254,5,12,32,266,6.35,5.96,7.13,-0.08,0.03,0.01,F
268,6,11,31,266,5.75,5.75,7.07,-0.02,-0.01,-0.11,F
259,4,12,32,268,5.74,5.92,6.84,-0.13,0.08,-0.11,F
256,6,10,32,266,6.06,5.69,7.42,-0.24,0.03,-0.04,F
252,12,6,31,264,8.14,6.99,2.12,0.25,-0.83,-0.08,HALO
249,11,8,31,262,6.83,6.84,3.44,0.01,-0.12,0.05,HALO
260,10,7,33,262,9.41,7.99,-4.99,-0.72,0.90,-0.70,HALO
249,10,6,29,259,2.60,-5.85,16.42,-5.24,1.35,-1.03,HALO
246,12,8,31,260,6.43,1.19,11.09,-0.08,-0.38,0.19,HALO
234,12,8,35,252,5.31,0.90,9.56,0.11,-0.06,-0.08,HALO
251,11,8,31,261,5.18,1.29,10.69,0.60,-0.07,0.24,HALO
248,10,8,31,260,6.04,2.34,9.26,1.89,-0.17,0.28,HALO
260,10,5,31,248,6.74,4.66,4.70,2.33,-0.07,0.53,HALO
251,10,8,32,258,7.29,6.28,2.22,0.66,0.42,0.15,HALO
247,10,8,31,262,7.39,6.71,3.98,-0.01,0.49,0.20,HALO
241,11,8,29,271,8.99,6.81,-0.51,0.04,0.39,-0.30,HALO
249,11,6,32,257,3.22,-0.97,8.98,-4.22,0.49,-1.20,HALO
247,10,6,33,262,4.82,2.34,12.84,-0.11,0.22,0.10,HALO
249,11,10,39,257,4.71,2.11,9.87,0.11,0.02,-0.02,HALO
247,11,5,34,281,4.78,2.47,10.94,1.01,-0.37,0.53,HALO
247,11,8,31,264,6.24,3.62,7.43,2.09,-0.22,0.36,HALO
248,11,7,30,262,7.52,6.01,2.81,1.39,0.20,0.36,HALO
248,10,8,32,264,9.00,7.14,2.51,-0.06,-0.93,-0.07,HALO
247,11,6,31,262,7.17,6.61,3.66,0.01,-0.07,-0.04,HALO
247,11,6,33,258,7.46,6.54,-8.43,-2.06,0.07,-1.67,HALO
247,12,5,31,261,4.70,0.50,16.80,-1.72,0.32,-0.22,HALO
244,11,8,31,261,5.12,3.22,8.99,0.28,-0.05,0.28,HALO
244,11,8,31,260,5.43,3.28,8.73,0.53,-0.15,0.03,HALO
247,11,8,32,260,6.60,4.79,8.56,1.37,-0.59,0.21,HALO
233,12,8,31,262,5.95,5.81,3.50,1.37,-0.25,0.01,HALO
253,12,6,35,257,6.09,6.77,5.38,0.02,-0.10,0.26,HALO
248,11,8,31,260,6.38,7.25,4.50,-0.10,0.16,0.23,HALO
262,11,5,27,268,6.78,6.17,3.67,0.13,-0.24,0.09,HALO
246,12,7,31,264,5.70,3.52,-3.88,-3.91,-0.89,-1.11,HALO
245,11,6,32,261,4.28,-0.18,16.38,-0.28,-0.50,0.30,HALO
256,12,3,25,252,5.98,1.51,9.39,0.35,-0.33,0.18,HALO
248,9,10,18,172,-10.02,-6.15,6.50,-1.04,0.34,-0.40,KAMI
251,11,2,19,180,-7.32,-1.32,6.32,1.94,-0.55,-2.58,KAMI
251,10,4,20,180,-3.68,1.05,8.79,1.67,-0.46,-2.84,KAMI
241,9,10,23,188,-3.59,-0.90,10.00,1.46,-0.59,-2.16,KAMI
259,13,4,19,184,12.87,6.19,13.06,0.45,-0.01,3.66,KAMI
253,11,2,21,176,2.21,3.21,11.40,-0.78,0.76,3.82,KAMI
261,13,4,18,174,-5.26,2.19,9.67,-1.82,1.47,4.13,KAMI
258,14,3,21,169,-10.31,-1.94,5.19,-1.52,0.18,1.38,KAMI
258,16,1,21,182,-12.28,-8.95,4.15,-0.63,-0.03,-1.65,KAMI
270,17,4,26,170,-4.26,-0.27,4.27,1.45,-0.96,-5.38,KAMI
257,15,3,21,178,-4.75,-4.08,9.13,2.41,0.78,-3.67,KAMI
258,16,2,19,180,-4.90,0.33,9.88,1.41,0.80,-1.26,KAMI
263,12,4,23,160,-2.45,-3.49,11.54,-2.38,2.75,-2.11,KAMI
253,11,4,19,168,-1.91,0.44,10.72,-2.15,1.28,3.53,KAMI
254,12,2,19,184,-5.31,-0.15,7.58,-1.78,1.83,4.72,KAMI
248,11,4,19,185,-8.81,-1.18,6.50,-1.48,0.18,2.83,KAMI
256,13,4,20,181,-9.39,-4.84,7.75,1.68,-0.71,-1.96,KAMI
257,15,4,21,181,-4.39,2.12,5.47,1.59,-1.36,-4.32,KAMI
262,15,4,20,178,-4.46,-1.19,10.76,1.78,-0.78,-3.32,KAMI
254,13,1,21,181,5.28,1.63,12.41,0.13,-0.44,-1.03,KAMI
255,12,4,20,184,1.00,1.47,12.17,0.14,0.92,3.67,KAMI
252,12,3,21,183,-4.70,3.84,8.52,-2.34,2.77,4.44,KAMI
254,13,3,20,184,-8.29,-0.29,4.26,-1.84,0.58,1.99,KAMI
259,16,2,19,188,-10.93,-6.79,5.46,0.82,-0.73,-1.11,KAMI
265,19,4,20,172,-7.83,-0.84,6.37,2.41,-1.36,-4.63,KAMI
259,18,4,22,184,-4.44,-0.56,8.37,1.31,-0.91,-3.38,KAMI
249,17,3,19,184,-0.32,1.77,11.49,0.67,-1.58,-2.01,KAMI
259,17,4,23,169,0.14,1.70,10.70,-0.17,0.41,1.36,KAMI
258,17,3,20,184,-1.94,0.91,10.98,-1.17,1.57,4.32,KAMI
259,18,3,23,176,-5.35,1.39,6.95,-1.44,0.96,2.74,KAMI
259,17,1,22,172,-6.93,-0.58,7.11,-0.45,0.84,1.61,KAMI
259,18,4,21,184,-6.63,-8.46,9.41,1.25,-0.52,-1.62,KAMI
